{"train_rmse": 0.10649048114192976, "train_mae": 0.07688291139240513, "val_rmse": 0.30125601347360415, "val_mae": 0.21184388185653988}